flat_threshold,flat_threshold_pct,variant,product,tp,fp,fn,precision_flat,recall_flat,n_true_flat,n_pred_flat
0.001,0.1,1,urea,0,3,1,0.0,0.0,1,3
0.001,0.1,1,dap,0,3,0,0.0,,0,3
0.001,0.1,1,mop,0,6,0,0.0,,0,6
0.001,0.1,2,urea,0,5,1,0.0,0.0,1,5
0.001,0.1,2,dap,0,7,0,0.0,,0,7
0.001,0.1,2,mop,0,12,0,0.0,,0,12
0.001,0.1,3,urea,0,16,1,0.0,0.0,1,16
0.001,0.1,3,dap,0,11,0,0.0,,0,11
0.001,0.1,3,mop,0,21,0,0.0,,0,21
0.0022564102564102562,0.22564102564102562,1,urea,0,3,2,0.0,0.0,2,3
0.0022564102564102562,0.22564102564102562,1,dap,0,3,6,0.0,0.0,6,3
0.0022564102564102562,0.22564102564102562,1,mop,1,5,2,0.16666666666666666,0.3333333333333333,3,6
0.0022564102564102562,0.22564102564102562,2,urea,0,5,2,0.0,0.0,2,5
0.0022564102564102562,0.22564102564102562,2,dap,0,7,6,0.0,0.0,6,7
0.0022564102564102562,0.22564102564102562,2,mop,0,12,3,0.0,0.0,3,12
0.0022564102564102562,0.22564102564102562,3,urea,0,16,2,0.0,0.0,2,16
0.0022564102564102562,0.22564102564102562,3,dap,2,9,4,0.18181818181818182,0.3333333333333333,6,11
0.0022564102564102562,0.22564102564102562,3,mop,0,21,3,0.0,0.0,3,21
0.003512820512820513,0.3512820512820513,1,urea,0,3,3,0.0,0.0,3,3
0.003512820512820513,0.3512820512820513,1,dap,0,3,11,0.0,0.0,11,3
0.003512820512820513,0.3512820512820513,1,mop,1,5,7,0.16666666666666666,0.125,8,6
0.003512820512820513,0.3512820512820513,2,urea,0,5,3,0.0,0.0,3,5
0.003512820512820513,0.3512820512820513,2,dap,0,7,11,0.0,0.0,11,7
0.003512820512820513,0.3512820512820513,2,mop,0,12,8,0.0,0.0,8,12
0.003512820512820513,0.3512820512820513,3,urea,0,16,3,0.0,0.0,3,16
0.003512820512820513,0.3512820512820513,3,dap,2,9,9,0.18181818181818182,0.18181818181818182,11,11
0.003512820512820513,0.3512820512820513,3,mop,2,19,6,0.09523809523809523,0.25,8,21
0.0047692307692307695,0.47692307692307695,1,urea,0,3,6,0.0,0.0,6,3
0.0047692307692307695,0.47692307692307695,1,dap,0,3,16,0.0,0.0,16,3
0.0047692307692307695,0.47692307692307695,1,mop,1,5,10,0.16666666666666666,0.09090909090909091,11,6
0.0047692307692307695,0.47692307692307695,2,urea,0,5,6,0.0,0.0,6,5
0.0047692307692307695,0.47692307692307695,2,dap,0,7,16,0.0,0.0,16,7
0.0047692307692307695,0.47692307692307695,2,mop,0,12,11,0.0,0.0,11,12
0.0047692307692307695,0.47692307692307695,3,urea,0,16,6,0.0,0.0,6,16
0.0047692307692307695,0.47692307692307695,3,dap,2,9,14,0.18181818181818182,0.125,16,11
0.0047692307692307695,0.47692307692307695,3,mop,3,18,8,0.14285714285714285,0.2727272727272727,11,21
0.006025641025641026,0.6025641025641025,1,urea,0,3,7,0.0,0.0,7,3
0.006025641025641026,0.6025641025641025,1,dap,0,3,19,0.0,0.0,19,3
0.006025641025641026,0.6025641025641025,1,mop,1,5,14,0.16666666666666666,0.06666666666666667,15,6
0.006025641025641026,0.6025641025641025,2,urea,1,4,6,0.2,0.14285714285714285,7,5
0.006025641025641026,0.6025641025641025,2,dap,0,7,19,0.0,0.0,19,7
0.006025641025641026,0.6025641025641025,2,mop,0,12,15,0.0,0.0,15,12
0.006025641025641026,0.6025641025641025,3,urea,0,16,7,0.0,0.0,7,16
0.006025641025641026,0.6025641025641025,3,dap,2,9,17,0.18181818181818182,0.10526315789473684,19,11
0.006025641025641026,0.6025641025641025,3,mop,4,17,11,0.19047619047619047,0.26666666666666666,15,21
0.007282051282051282,0.7282051282051282,1,urea,0,3,10,0.0,0.0,10,3
0.007282051282051282,0.7282051282051282,1,dap,0,3,22,0.0,0.0,22,3
0.007282051282051282,0.7282051282051282,1,mop,1,5,19,0.16666666666666666,0.05,20,6
0.007282051282051282,0.7282051282051282,2,urea,1,4,9,0.2,0.1,10,5
0.007282051282051282,0.7282051282051282,2,dap,0,7,22,0.0,0.0,22,7
0.007282051282051282,0.7282051282051282,2,mop,0,12,20,0.0,0.0,20,12
0.007282051282051282,0.7282051282051282,3,urea,1,15,9,0.0625,0.1,10,16
0.007282051282051282,0.7282051282051282,3,dap,2,9,20,0.18181818181818182,0.09090909090909091,22,11
0.007282051282051282,0.7282051282051282,3,mop,4,17,16,0.19047619047619047,0.2,20,21
0.00853846153846154,0.853846153846154,1,urea,0,3,11,0.0,0.0,11,3
0.00853846153846154,0.853846153846154,1,dap,0,3,24,0.0,0.0,24,3
0.00853846153846154,0.853846153846154,1,mop,1,5,28,0.16666666666666666,0.034482758620689655,29,6
0.00853846153846154,0.853846153846154,2,urea,1,4,10,0.2,0.09090909090909091,11,5
0.00853846153846154,0.853846153846154,2,dap,0,7,24,0.0,0.0,24,7
0.00853846153846154,0.853846153846154,2,mop,1,11,28,0.08333333333333333,0.034482758620689655,29,12
0.00853846153846154,0.853846153846154,3,urea,1,15,10,0.0625,0.09090909090909091,11,16
0.00853846153846154,0.853846153846154,3,dap,2,9,22,0.18181818181818182,0.08333333333333333,24,11
0.00853846153846154,0.853846153846154,3,mop,5,16,24,0.23809523809523808,0.1724137931034483,29,21
0.009794871794871794,0.9794871794871793,1,urea,0,3,15,0.0,0.0,15,3
0.009794871794871794,0.9794871794871793,1,dap,0,3,30,0.0,0.0,30,3
0.009794871794871794,0.9794871794871793,1,mop,1,5,31,0.16666666666666666,0.03125,32,6
0.009794871794871794,0.9794871794871793,2,urea,2,3,13,0.4,0.13333333333333333,15,5
0.009794871794871794,0.9794871794871793,2,dap,0,7,30,0.0,0.0,30,7
0.009794871794871794,0.9794871794871793,2,mop,1,11,31,0.08333333333333333,0.03125,32,12
0.009794871794871794,0.9794871794871793,3,urea,2,14,13,0.125,0.13333333333333333,15,16
0.009794871794871794,0.9794871794871793,3,dap,3,8,27,0.2727272727272727,0.1,30,11
0.009794871794871794,0.9794871794871793,3,mop,5,16,27,0.23809523809523808,0.15625,32,21
0.01,1.0,1,urea,0,3,15,0.0,0.0,15,3
0.01,1.0,1,dap,0,3,30,0.0,0.0,30,3
0.01,1.0,1,mop,1,5,31,0.16666666666666666,0.03125,32,6
0.01,1.0,2,urea,2,3,13,0.4,0.13333333333333333,15,5
0.01,1.0,2,dap,0,7,30,0.0,0.0,30,7
0.01,1.0,2,mop,1,11,31,0.08333333333333333,0.03125,32,12
0.01,1.0,3,urea,2,14,13,0.125,0.13333333333333333,15,16
0.01,1.0,3,dap,3,8,27,0.2727272727272727,0.1,30,11
0.01,1.0,3,mop,5,16,27,0.23809523809523808,0.15625,32,21
0.01105128205128205,1.105128205128205,1,urea,0,3,15,0.0,0.0,15,3
0.01105128205128205,1.105128205128205,1,dap,0,3,32,0.0,0.0,32,3
0.01105128205128205,1.105128205128205,1,mop,1,5,34,0.16666666666666666,0.02857142857142857,35,6
0.01105128205128205,1.105128205128205,2,urea,2,3,13,0.4,0.13333333333333333,15,5
0.01105128205128205,1.105128205128205,2,dap,1,6,31,0.14285714285714285,0.03125,32,7
0.01105128205128205,1.105128205128205,2,mop,1,11,34,0.08333333333333333,0.02857142857142857,35,12
0.01105128205128205,1.105128205128205,3,urea,2,14,13,0.125,0.13333333333333333,15,16
0.01105128205128205,1.105128205128205,3,dap,3,8,29,0.2727272727272727,0.09375,32,11
0.01105128205128205,1.105128205128205,3,mop,6,15,29,0.2857142857142857,0.17142857142857143,35,21
0.012307692307692308,1.2307692307692308,1,urea,0,3,19,0.0,0.0,19,3
0.012307692307692308,1.2307692307692308,1,dap,0,3,35,0.0,0.0,35,3
0.012307692307692308,1.2307692307692308,1,mop,1,5,34,0.16666666666666666,0.02857142857142857,35,6
0.012307692307692308,1.2307692307692308,2,urea,2,3,17,0.4,0.10526315789473684,19,5
0.012307692307692308,1.2307692307692308,2,dap,1,6,34,0.14285714285714285,0.02857142857142857,35,7
0.012307692307692308,1.2307692307692308,2,mop,1,11,34,0.08333333333333333,0.02857142857142857,35,12
0.012307692307692308,1.2307692307692308,3,urea,3,13,16,0.1875,0.15789473684210525,19,16
0.012307692307692308,1.2307692307692308,3,dap,3,8,32,0.2727272727272727,0.08571428571428572,35,11
0.012307692307692308,1.2307692307692308,3,mop,6,15,29,0.2857142857142857,0.17142857142857143,35,21
0.013564102564102565,1.3564102564102565,1,urea,0,3,20,0.0,0.0,20,3
0.013564102564102565,1.3564102564102565,1,dap,0,3,38,0.0,0.0,38,3
0.013564102564102565,1.3564102564102565,1,mop,1,5,34,0.16666666666666666,0.02857142857142857,35,6
0.013564102564102565,1.3564102564102565,2,urea,2,3,18,0.4,0.1,20,5
0.013564102564102565,1.3564102564102565,2,dap,1,6,37,0.14285714285714285,0.02631578947368421,38,7
0.013564102564102565,1.3564102564102565,2,mop,1,11,34,0.08333333333333333,0.02857142857142857,35,12
0.013564102564102565,1.3564102564102565,3,urea,3,13,17,0.1875,0.15,20,16
0.013564102564102565,1.3564102564102565,3,dap,4,7,34,0.36363636363636365,0.10526315789473684,38,11
0.013564102564102565,1.3564102564102565,3,mop,6,15,29,0.2857142857142857,0.17142857142857143,35,21
0.014820512820512822,1.4820512820512821,1,urea,0,3,23,0.0,0.0,23,3
0.014820512820512822,1.4820512820512821,1,dap,0,3,45,0.0,0.0,45,3
0.014820512820512822,1.4820512820512821,1,mop,1,5,35,0.16666666666666666,0.027777777777777776,36,6
0.014820512820512822,1.4820512820512821,2,urea,2,3,21,0.4,0.08695652173913043,23,5
0.014820512820512822,1.4820512820512821,2,dap,2,5,43,0.2857142857142857,0.044444444444444446,45,7
0.014820512820512822,1.4820512820512821,2,mop,1,11,35,0.08333333333333333,0.027777777777777776,36,12
0.014820512820512822,1.4820512820512821,3,urea,3,13,20,0.1875,0.13043478260869565,23,16
0.014820512820512822,1.4820512820512821,3,dap,5,6,40,0.45454545454545453,0.1111111111111111,45,11
0.014820512820512822,1.4820512820512821,3,mop,7,14,29,0.3333333333333333,0.19444444444444445,36,21
0.01607692307692308,1.607692307692308,1,urea,0,3,23,0.0,0.0,23,3
0.01607692307692308,1.607692307692308,1,dap,0,3,45,0.0,0.0,45,3
0.01607692307692308,1.607692307692308,1,mop,1,5,35,0.16666666666666666,0.027777777777777776,36,6
0.01607692307692308,1.607692307692308,2,urea,2,3,21,0.4,0.08695652173913043,23,5
0.01607692307692308,1.607692307692308,2,dap,2,5,43,0.2857142857142857,0.044444444444444446,45,7
0.01607692307692308,1.607692307692308,2,mop,1,11,35,0.08333333333333333,0.027777777777777776,36,12
0.01607692307692308,1.607692307692308,3,urea,3,13,20,0.1875,0.13043478260869565,23,16
0.01607692307692308,1.607692307692308,3,dap,5,6,40,0.45454545454545453,0.1111111111111111,45,11
0.01607692307692308,1.607692307692308,3,mop,7,14,29,0.3333333333333333,0.19444444444444445,36,21
0.017333333333333336,1.7333333333333336,1,urea,0,3,24,0.0,0.0,24,3
0.017333333333333336,1.7333333333333336,1,dap,0,3,46,0.0,0.0,46,3
0.017333333333333336,1.7333333333333336,1,mop,1,5,37,0.16666666666666666,0.02631578947368421,38,6
0.017333333333333336,1.7333333333333336,2,urea,2,3,22,0.4,0.08333333333333333,24,5
0.017333333333333336,1.7333333333333336,2,dap,3,4,43,0.42857142857142855,0.06521739130434782,46,7
0.017333333333333336,1.7333333333333336,2,mop,1,11,37,0.08333333333333333,0.02631578947368421,38,12
0.017333333333333336,1.7333333333333336,3,urea,4,12,20,0.25,0.16666666666666666,24,16
0.017333333333333336,1.7333333333333336,3,dap,5,6,41,0.45454545454545453,0.10869565217391304,46,11
0.017333333333333336,1.7333333333333336,3,mop,7,14,31,0.3333333333333333,0.18421052631578946,38,21
0.01858974358974359,1.858974358974359,1,urea,0,3,24,0.0,0.0,24,3
0.01858974358974359,1.858974358974359,1,dap,0,3,49,0.0,0.0,49,3
0.01858974358974359,1.858974358974359,1,mop,2,4,43,0.3333333333333333,0.044444444444444446,45,6
0.01858974358974359,1.858974358974359,2,urea,2,3,22,0.4,0.08333333333333333,24,5
0.01858974358974359,1.858974358974359,2,dap,3,4,46,0.42857142857142855,0.061224489795918366,49,7
0.01858974358974359,1.858974358974359,2,mop,1,11,44,0.08333333333333333,0.022222222222222223,45,12
0.01858974358974359,1.858974358974359,3,urea,4,12,20,0.25,0.16666666666666666,24,16
0.01858974358974359,1.858974358974359,3,dap,5,6,44,0.45454545454545453,0.10204081632653061,49,11
0.01858974358974359,1.858974358974359,3,mop,7,14,38,0.3333333333333333,0.15555555555555556,45,21
0.019846153846153847,1.9846153846153847,1,urea,0,3,26,0.0,0.0,26,3
0.019846153846153847,1.9846153846153847,1,dap,0,3,49,0.0,0.0,49,3
0.019846153846153847,1.9846153846153847,1,mop,2,4,44,0.3333333333333333,0.043478260869565216,46,6
0.019846153846153847,1.9846153846153847,2,urea,2,3,24,0.4,0.07692307692307693,26,5
0.019846153846153847,1.9846153846153847,2,dap,3,4,46,0.42857142857142855,0.061224489795918366,49,7
0.019846153846153847,1.9846153846153847,2,mop,2,10,44,0.16666666666666666,0.043478260869565216,46,12
0.019846153846153847,1.9846153846153847,3,urea,4,12,22,0.25,0.15384615384615385,26,16
0.019846153846153847,1.9846153846153847,3,dap,5,6,44,0.45454545454545453,0.10204081632653061,49,11
0.019846153846153847,1.9846153846153847,3,mop,7,14,39,0.3333333333333333,0.15217391304347827,46,21
0.021102564102564104,2.1102564102564103,1,urea,0,3,28,0.0,0.0,28,3
0.021102564102564104,2.1102564102564103,1,dap,0,3,50,0.0,0.0,50,3
0.021102564102564104,2.1102564102564103,1,mop,2,4,45,0.3333333333333333,0.0425531914893617,47,6
0.021102564102564104,2.1102564102564103,2,urea,2,3,26,0.4,0.07142857142857142,28,5
0.021102564102564104,2.1102564102564103,2,dap,3,4,47,0.42857142857142855,0.06,50,7
0.021102564102564104,2.1102564102564103,2,mop,2,10,45,0.16666666666666666,0.0425531914893617,47,12
0.021102564102564104,2.1102564102564103,3,urea,5,11,23,0.3125,0.17857142857142858,28,16
0.021102564102564104,2.1102564102564103,3,dap,5,6,45,0.45454545454545453,0.1,50,11
0.021102564102564104,2.1102564102564103,3,mop,8,13,39,0.38095238095238093,0.1702127659574468,47,21
0.02235897435897436,2.235897435897436,1,urea,1,2,32,0.3333333333333333,0.030303030303030304,33,3
0.02235897435897436,2.235897435897436,1,dap,0,3,50,0.0,0.0,50,3
0.02235897435897436,2.235897435897436,1,mop,2,4,46,0.3333333333333333,0.041666666666666664,48,6
0.02235897435897436,2.235897435897436,2,urea,2,3,31,0.4,0.06060606060606061,33,5
0.02235897435897436,2.235897435897436,2,dap,3,4,47,0.42857142857142855,0.06,50,7
0.02235897435897436,2.235897435897436,2,mop,2,10,46,0.16666666666666666,0.041666666666666664,48,12
0.02235897435897436,2.235897435897436,3,urea,6,10,27,0.375,0.18181818181818182,33,16
0.02235897435897436,2.235897435897436,3,dap,5,6,45,0.45454545454545453,0.1,50,11
0.02235897435897436,2.235897435897436,3,mop,8,13,40,0.38095238095238093,0.16666666666666666,48,21
0.023615384615384618,2.3615384615384616,1,urea,1,2,35,0.3333333333333333,0.027777777777777776,36,3
0.023615384615384618,2.3615384615384616,1,dap,0,3,52,0.0,0.0,52,3
0.023615384615384618,2.3615384615384616,1,mop,2,4,48,0.3333333333333333,0.04,50,6
0.023615384615384618,2.3615384615384616,2,urea,2,3,34,0.4,0.05555555555555555,36,5
0.023615384615384618,2.3615384615384616,2,dap,3,4,49,0.42857142857142855,0.057692307692307696,52,7
0.023615384615384618,2.3615384615384616,2,mop,2,10,48,0.16666666666666666,0.04,50,12
0.023615384615384618,2.3615384615384616,3,urea,7,9,29,0.4375,0.19444444444444445,36,16
0.023615384615384618,2.3615384615384616,3,dap,6,5,46,0.5454545454545454,0.11538461538461539,52,11
0.023615384615384618,2.3615384615384616,3,mop,8,13,42,0.38095238095238093,0.16,50,21
0.02487179487179487,2.4871794871794872,1,urea,1,2,35,0.3333333333333333,0.027777777777777776,36,3
0.02487179487179487,2.4871794871794872,1,dap,0,3,54,0.0,0.0,54,3
0.02487179487179487,2.4871794871794872,1,mop,2,4,50,0.3333333333333333,0.038461538461538464,52,6
0.02487179487179487,2.4871794871794872,2,urea,2,3,34,0.4,0.05555555555555555,36,5
0.02487179487179487,2.4871794871794872,2,dap,3,4,51,0.42857142857142855,0.05555555555555555,54,7
0.02487179487179487,2.4871794871794872,2,mop,2,10,50,0.16666666666666666,0.038461538461538464,52,12
0.02487179487179487,2.4871794871794872,3,urea,7,9,29,0.4375,0.19444444444444445,36,16
0.02487179487179487,2.4871794871794872,3,dap,6,5,48,0.5454545454545454,0.1111111111111111,54,11
0.02487179487179487,2.4871794871794872,3,mop,8,13,44,0.38095238095238093,0.15384615384615385,52,21
0.02612820512820513,2.612820512820513,1,urea,1,2,35,0.3333333333333333,0.027777777777777776,36,3
0.02612820512820513,2.612820512820513,1,dap,0,3,58,0.0,0.0,58,3
0.02612820512820513,2.612820512820513,1,mop,2,4,50,0.3333333333333333,0.038461538461538464,52,6
0.02612820512820513,2.612820512820513,2,urea,2,3,34,0.4,0.05555555555555555,36,5
0.02612820512820513,2.612820512820513,2,dap,4,3,54,0.5714285714285714,0.06896551724137931,58,7
0.02612820512820513,2.612820512820513,2,mop,2,10,50,0.16666666666666666,0.038461538461538464,52,12
0.02612820512820513,2.612820512820513,3,urea,7,9,29,0.4375,0.19444444444444445,36,16
0.02612820512820513,2.612820512820513,3,dap,6,5,52,0.5454545454545454,0.10344827586206896,58,11
0.02612820512820513,2.612820512820513,3,mop,8,13,44,0.38095238095238093,0.15384615384615385,52,21
0.027384615384615386,2.7384615384615385,1,urea,1,2,37,0.3333333333333333,0.02631578947368421,38,3
0.027384615384615386,2.7384615384615385,1,dap,0,3,62,0.0,0.0,62,3
0.027384615384615386,2.7384615384615385,1,mop,2,4,50,0.3333333333333333,0.038461538461538464,52,6
0.027384615384615386,2.7384615384615385,2,urea,2,3,36,0.4,0.05263157894736842,38,5
0.027384615384615386,2.7384615384615385,2,dap,4,3,58,0.5714285714285714,0.06451612903225806,62,7
0.027384615384615386,2.7384615384615385,2,mop,2,10,50,0.16666666666666666,0.038461538461538464,52,12
0.027384615384615386,2.7384615384615385,3,urea,7,9,31,0.4375,0.18421052631578946,38,16
0.027384615384615386,2.7384615384615385,3,dap,6,5,56,0.5454545454545454,0.0967741935483871,62,11
0.027384615384615386,2.7384615384615385,3,mop,8,13,44,0.38095238095238093,0.15384615384615385,52,21
0.028641025641025643,2.864102564102564,1,urea,1,2,42,0.3333333333333333,0.023255813953488372,43,3
0.028641025641025643,2.864102564102564,1,dap,0,3,65,0.0,0.0,65,3
0.028641025641025643,2.864102564102564,1,mop,2,4,50,0.3333333333333333,0.038461538461538464,52,6
0.028641025641025643,2.864102564102564,2,urea,2,3,41,0.4,0.046511627906976744,43,5
0.028641025641025643,2.864102564102564,2,dap,4,3,61,0.5714285714285714,0.06153846153846154,65,7
0.028641025641025643,2.864102564102564,2,mop,2,10,50,0.16666666666666666,0.038461538461538464,52,12
0.028641025641025643,2.864102564102564,3,urea,7,9,36,0.4375,0.16279069767441862,43,16
0.028641025641025643,2.864102564102564,3,dap,6,5,59,0.5454545454545454,0.09230769230769231,65,11
0.028641025641025643,2.864102564102564,3,mop,8,13,44,0.38095238095238093,0.15384615384615385,52,21
0.0298974358974359,2.98974358974359,1,urea,1,2,46,0.3333333333333333,0.02127659574468085,47,3
0.0298974358974359,2.98974358974359,1,dap,0,3,68,0.0,0.0,68,3
0.0298974358974359,2.98974358974359,1,mop,2,4,52,0.3333333333333333,0.037037037037037035,54,6
0.0298974358974359,2.98974358974359,2,urea,2,3,45,0.4,0.0425531914893617,47,5
0.0298974358974359,2.98974358974359,2,dap,4,3,64,0.5714285714285714,0.058823529411764705,68,7
0.0298974358974359,2.98974358974359,2,mop,2,10,52,0.16666666666666666,0.037037037037037035,54,12
0.0298974358974359,2.98974358974359,3,urea,8,8,39,0.5,0.1702127659574468,47,16
0.0298974358974359,2.98974358974359,3,dap,7,4,61,0.6363636363636364,0.10294117647058823,68,11
0.0298974358974359,2.98974358974359,3,mop,8,13,46,0.38095238095238093,0.14814814814814814,54,21
0.031153846153846157,3.115384615384616,1,urea,1,2,48,0.3333333333333333,0.02040816326530612,49,3
0.031153846153846157,3.115384615384616,1,dap,1,2,68,0.3333333333333333,0.014492753623188406,69,3
0.031153846153846157,3.115384615384616,1,mop,2,4,52,0.3333333333333333,0.037037037037037035,54,6
0.031153846153846157,3.115384615384616,2,urea,2,3,47,0.4,0.04081632653061224,49,5
0.031153846153846157,3.115384615384616,2,dap,4,3,65,0.5714285714285714,0.057971014492753624,69,7
0.031153846153846157,3.115384615384616,2,mop,2,10,52,0.16666666666666666,0.037037037037037035,54,12
0.031153846153846157,3.115384615384616,3,urea,8,8,41,0.5,0.16326530612244897,49,16
0.031153846153846157,3.115384615384616,3,dap,7,4,62,0.6363636363636364,0.10144927536231885,69,11
0.031153846153846157,3.115384615384616,3,mop,8,13,46,0.38095238095238093,0.14814814814814814,54,21
0.03241025641025641,3.241025641025641,1,urea,1,2,49,0.3333333333333333,0.02,50,3
0.03241025641025641,3.241025641025641,1,dap,1,2,69,0.3333333333333333,0.014285714285714285,70,3
0.03241025641025641,3.241025641025641,1,mop,2,4,54,0.3333333333333333,0.03571428571428571,56,6
0.03241025641025641,3.241025641025641,2,urea,2,3,48,0.4,0.04,50,5
0.03241025641025641,3.241025641025641,2,dap,4,3,66,0.5714285714285714,0.05714285714285714,70,7
0.03241025641025641,3.241025641025641,2,mop,2,10,54,0.16666666666666666,0.03571428571428571,56,12
0.03241025641025641,3.241025641025641,3,urea,8,8,42,0.5,0.16,50,16
0.03241025641025641,3.241025641025641,3,dap,7,4,63,0.6363636363636364,0.1,70,11
0.03241025641025641,3.241025641025641,3,mop,9,12,47,0.42857142857142855,0.16071428571428573,56,21
0.03366666666666667,3.366666666666667,1,urea,1,2,49,0.3333333333333333,0.02,50,3
0.03366666666666667,3.366666666666667,1,dap,1,2,71,0.3333333333333333,0.013888888888888888,72,3
0.03366666666666667,3.366666666666667,1,mop,3,3,56,0.5,0.05084745762711865,59,6
0.03366666666666667,3.366666666666667,2,urea,2,3,48,0.4,0.04,50,5
0.03366666666666667,3.366666666666667,2,dap,4,3,68,0.5714285714285714,0.05555555555555555,72,7
0.03366666666666667,3.366666666666667,2,mop,2,10,57,0.16666666666666666,0.03389830508474576,59,12
0.03366666666666667,3.366666666666667,3,urea,8,8,42,0.5,0.16,50,16
0.03366666666666667,3.366666666666667,3,dap,7,4,65,0.6363636363636364,0.09722222222222222,72,11
0.03366666666666667,3.366666666666667,3,mop,9,12,50,0.42857142857142855,0.15254237288135594,59,21
0.034923076923076925,3.4923076923076923,1,urea,1,2,51,0.3333333333333333,0.019230769230769232,52,3
0.034923076923076925,3.4923076923076923,1,dap,1,2,71,0.3333333333333333,0.013888888888888888,72,3
0.034923076923076925,3.4923076923076923,1,mop,3,3,57,0.5,0.05,60,6
0.034923076923076925,3.4923076923076923,2,urea,2,3,50,0.4,0.038461538461538464,52,5
0.034923076923076925,3.4923076923076923,2,dap,4,3,68,0.5714285714285714,0.05555555555555555,72,7
0.034923076923076925,3.4923076923076923,2,mop,2,10,58,0.16666666666666666,0.03333333333333333,60,12
0.034923076923076925,3.4923076923076923,3,urea,8,8,44,0.5,0.15384615384615385,52,16
0.034923076923076925,3.4923076923076923,3,dap,7,4,65,0.6363636363636364,0.09722222222222222,72,11
0.034923076923076925,3.4923076923076923,3,mop,9,12,51,0.42857142857142855,0.15,60,21
0.03617948717948718,3.617948717948718,1,urea,1,2,51,0.3333333333333333,0.019230769230769232,52,3
0.03617948717948718,3.617948717948718,1,dap,1,2,71,0.3333333333333333,0.013888888888888888,72,3
0.03617948717948718,3.617948717948718,1,mop,3,3,59,0.5,0.04838709677419355,62,6
0.03617948717948718,3.617948717948718,2,urea,2,3,50,0.4,0.038461538461538464,52,5
0.03617948717948718,3.617948717948718,2,dap,4,3,68,0.5714285714285714,0.05555555555555555,72,7
0.03617948717948718,3.617948717948718,2,mop,3,9,59,0.25,0.04838709677419355,62,12
0.03617948717948718,3.617948717948718,3,urea,8,8,44,0.5,0.15384615384615385,52,16
0.03617948717948718,3.617948717948718,3,dap,7,4,65,0.6363636363636364,0.09722222222222222,72,11
0.03617948717948718,3.617948717948718,3,mop,9,12,53,0.42857142857142855,0.14516129032258066,62,21
0.03743589743589744,3.743589743589744,1,urea,1,2,52,0.3333333333333333,0.018867924528301886,53,3
0.03743589743589744,3.743589743589744,1,dap,1,2,71,0.3333333333333333,0.013888888888888888,72,3
0.03743589743589744,3.743589743589744,1,mop,3,3,60,0.5,0.047619047619047616,63,6
0.03743589743589744,3.743589743589744,2,urea,2,3,51,0.4,0.03773584905660377,53,5
0.03743589743589744,3.743589743589744,2,dap,4,3,68,0.5714285714285714,0.05555555555555555,72,7
0.03743589743589744,3.743589743589744,2,mop,3,9,60,0.25,0.047619047619047616,63,12
0.03743589743589744,3.743589743589744,3,urea,8,8,45,0.5,0.1509433962264151,53,16
0.03743589743589744,3.743589743589744,3,dap,7,4,65,0.6363636363636364,0.09722222222222222,72,11
0.03743589743589744,3.743589743589744,3,mop,10,11,53,0.47619047619047616,0.15873015873015872,63,21
0.03869230769230769,3.8692307692307693,1,urea,1,2,54,0.3333333333333333,0.01818181818181818,55,3
0.03869230769230769,3.8692307692307693,1,dap,1,2,72,0.3333333333333333,0.0136986301369863,73,3
0.03869230769230769,3.8692307692307693,1,mop,3,3,63,0.5,0.045454545454545456,66,6
0.03869230769230769,3.8692307692307693,2,urea,2,3,53,0.4,0.03636363636363636,55,5
0.03869230769230769,3.8692307692307693,2,dap,4,3,69,0.5714285714285714,0.0547945205479452,73,7
0.03869230769230769,3.8692307692307693,2,mop,4,8,62,0.3333333333333333,0.06060606060606061,66,12
0.03869230769230769,3.8692307692307693,3,urea,9,7,46,0.5625,0.16363636363636364,55,16
0.03869230769230769,3.8692307692307693,3,dap,7,4,66,0.6363636363636364,0.0958904109589041,73,11
0.03869230769230769,3.8692307692307693,3,mop,11,10,55,0.5238095238095238,0.16666666666666666,66,21
0.03994871794871795,3.9948717948717953,1,urea,2,1,55,0.6666666666666666,0.03508771929824561,57,3
0.03994871794871795,3.9948717948717953,1,dap,1,2,76,0.3333333333333333,0.012987012987012988,77,3
0.03994871794871795,3.9948717948717953,1,mop,3,3,63,0.5,0.045454545454545456,66,6
0.03994871794871795,3.9948717948717953,2,urea,2,3,55,0.4,0.03508771929824561,57,5
0.03994871794871795,3.9948717948717953,2,dap,4,3,73,0.5714285714285714,0.05194805194805195,77,7
0.03994871794871795,3.9948717948717953,2,mop,4,8,62,0.3333333333333333,0.06060606060606061,66,12
0.03994871794871795,3.9948717948717953,3,urea,9,7,48,0.5625,0.15789473684210525,57,16
0.03994871794871795,3.9948717948717953,3,dap,7,4,70,0.6363636363636364,0.09090909090909091,77,11
0.03994871794871795,3.9948717948717953,3,mop,11,10,55,0.5238095238095238,0.16666666666666666,66,21
0.04120512820512821,4.120512820512821,1,urea,2,1,57,0.6666666666666666,0.03389830508474576,59,3
0.04120512820512821,4.120512820512821,1,dap,1,2,79,0.3333333333333333,0.0125,80,3
0.04120512820512821,4.120512820512821,1,mop,3,3,65,0.5,0.04411764705882353,68,6
0.04120512820512821,4.120512820512821,2,urea,2,3,57,0.4,0.03389830508474576,59,5
0.04120512820512821,4.120512820512821,2,dap,5,2,75,0.7142857142857143,0.0625,80,7
0.04120512820512821,4.120512820512821,2,mop,4,8,64,0.3333333333333333,0.058823529411764705,68,12
0.04120512820512821,4.120512820512821,3,urea,9,7,50,0.5625,0.15254237288135594,59,16
0.04120512820512821,4.120512820512821,3,dap,9,2,71,0.8181818181818182,0.1125,80,11
0.04120512820512821,4.120512820512821,3,mop,11,10,57,0.5238095238095238,0.16176470588235295,68,21
0.04246153846153846,4.246153846153846,1,urea,2,1,58,0.6666666666666666,0.03333333333333333,60,3
0.04246153846153846,4.246153846153846,1,dap,1,2,81,0.3333333333333333,0.012195121951219513,82,3
0.04246153846153846,4.246153846153846,1,mop,3,3,67,0.5,0.04285714285714286,70,6
0.04246153846153846,4.246153846153846,2,urea,2,3,58,0.4,0.03333333333333333,60,5
0.04246153846153846,4.246153846153846,2,dap,5,2,77,0.7142857142857143,0.06097560975609756,82,7
0.04246153846153846,4.246153846153846,2,mop,5,7,65,0.4166666666666667,0.07142857142857142,70,12
0.04246153846153846,4.246153846153846,3,urea,9,7,51,0.5625,0.15,60,16
0.04246153846153846,4.246153846153846,3,dap,9,2,73,0.8181818181818182,0.10975609756097561,82,11
0.04246153846153846,4.246153846153846,3,mop,11,10,59,0.5238095238095238,0.15714285714285714,70,21
0.04371794871794872,4.371794871794872,1,urea,2,1,58,0.6666666666666666,0.03333333333333333,60,3
0.04371794871794872,4.371794871794872,1,dap,1,2,83,0.3333333333333333,0.011904761904761904,84,3
0.04371794871794872,4.371794871794872,1,mop,3,3,67,0.5,0.04285714285714286,70,6
0.04371794871794872,4.371794871794872,2,urea,2,3,58,0.4,0.03333333333333333,60,5
0.04371794871794872,4.371794871794872,2,dap,5,2,79,0.7142857142857143,0.05952380952380952,84,7
0.04371794871794872,4.371794871794872,2,mop,5,7,65,0.4166666666666667,0.07142857142857142,70,12
0.04371794871794872,4.371794871794872,3,urea,9,7,51,0.5625,0.15,60,16
0.04371794871794872,4.371794871794872,3,dap,9,2,75,0.8181818181818182,0.10714285714285714,84,11
0.04371794871794872,4.371794871794872,3,mop,11,10,59,0.5238095238095238,0.15714285714285714,70,21
0.044974358974358974,4.4974358974358974,1,urea,2,1,61,0.6666666666666666,0.031746031746031744,63,3
0.044974358974358974,4.4974358974358974,1,dap,1,2,85,0.3333333333333333,0.011627906976744186,86,3
0.044974358974358974,4.4974358974358974,1,mop,3,3,70,0.5,0.0410958904109589,73,6
0.044974358974358974,4.4974358974358974,2,urea,2,3,61,0.4,0.031746031746031744,63,5
0.044974358974358974,4.4974358974358974,2,dap,5,2,81,0.7142857142857143,0.05813953488372093,86,7
0.044974358974358974,4.4974358974358974,2,mop,5,7,68,0.4166666666666667,0.0684931506849315,73,12
0.044974358974358974,4.4974358974358974,3,urea,9,7,54,0.5625,0.14285714285714285,63,16
0.044974358974358974,4.4974358974358974,3,dap,9,2,77,0.8181818181818182,0.10465116279069768,86,11
0.044974358974358974,4.4974358974358974,3,mop,12,9,61,0.5714285714285714,0.1643835616438356,73,21
0.046230769230769235,4.6230769230769235,1,urea,2,1,63,0.6666666666666666,0.03076923076923077,65,3
0.046230769230769235,4.6230769230769235,1,dap,1,2,85,0.3333333333333333,0.011627906976744186,86,3
0.046230769230769235,4.6230769230769235,1,mop,3,3,70,0.5,0.0410958904109589,73,6
0.046230769230769235,4.6230769230769235,2,urea,2,3,63,0.4,0.03076923076923077,65,5
0.046230769230769235,4.6230769230769235,2,dap,5,2,81,0.7142857142857143,0.05813953488372093,86,7
0.046230769230769235,4.6230769230769235,2,mop,5,7,68,0.4166666666666667,0.0684931506849315,73,12
0.046230769230769235,4.6230769230769235,3,urea,9,7,56,0.5625,0.13846153846153847,65,16
0.046230769230769235,4.6230769230769235,3,dap,9,2,77,0.8181818181818182,0.10465116279069768,86,11
0.046230769230769235,4.6230769230769235,3,mop,12,9,61,0.5714285714285714,0.1643835616438356,73,21
0.04748717948717949,4.748717948717949,1,urea,2,1,64,0.6666666666666666,0.030303030303030304,66,3
0.04748717948717949,4.748717948717949,1,dap,1,2,86,0.3333333333333333,0.011494252873563218,87,3
0.04748717948717949,4.748717948717949,1,mop,3,3,72,0.5,0.04,75,6
0.04748717948717949,4.748717948717949,2,urea,2,3,64,0.4,0.030303030303030304,66,5
0.04748717948717949,4.748717948717949,2,dap,5,2,82,0.7142857142857143,0.05747126436781609,87,7
0.04748717948717949,4.748717948717949,2,mop,5,7,70,0.4166666666666667,0.06666666666666667,75,12
0.04748717948717949,4.748717948717949,3,urea,9,7,57,0.5625,0.13636363636363635,66,16
0.04748717948717949,4.748717948717949,3,dap,9,2,78,0.8181818181818182,0.10344827586206896,87,11
0.04748717948717949,4.748717948717949,3,mop,13,8,62,0.6190476190476191,0.17333333333333334,75,21
0.04874358974358974,4.874358974358974,1,urea,2,1,70,0.6666666666666666,0.027777777777777776,72,3
0.04874358974358974,4.874358974358974,1,dap,1,2,89,0.3333333333333333,0.011111111111111112,90,3
0.04874358974358974,4.874358974358974,1,mop,5,1,76,0.8333333333333334,0.06172839506172839,81,6
0.04874358974358974,4.874358974358974,2,urea,3,2,69,0.6,0.041666666666666664,72,5
0.04874358974358974,4.874358974358974,2,dap,6,1,84,0.8571428571428571,0.06666666666666667,90,7
0.04874358974358974,4.874358974358974,2,mop,6,6,75,0.5,0.07407407407407407,81,12
0.04874358974358974,4.874358974358974,3,urea,12,4,60,0.75,0.16666666666666666,72,16
0.04874358974358974,4.874358974358974,3,dap,9,2,81,0.8181818181818182,0.1,90,11
0.04874358974358974,4.874358974358974,3,mop,15,6,66,0.7142857142857143,0.18518518518518517,81,21
0.05,5.0,1,urea,2,1,70,0.6666666666666666,0.027777777777777776,72,3
0.05,5.0,1,dap,1,2,89,0.3333333333333333,0.011111111111111112,90,3
0.05,5.0,1,mop,5,1,79,0.8333333333333334,0.05952380952380952,84,6
0.05,5.0,2,urea,3,2,69,0.6,0.041666666666666664,72,5
0.05,5.0,2,dap,6,1,84,0.8571428571428571,0.06666666666666667,90,7
0.05,5.0,2,mop,6,6,78,0.5,0.07142857142857142,84,12
0.05,5.0,3,urea,12,4,60,0.75,0.16666666666666666,72,16
0.05,5.0,3,dap,9,2,81,0.8181818181818182,0.1,90,11
0.05,5.0,3,mop,16,5,68,0.7619047619047619,0.19047619047619047,84,21
